Female Title,Male Title,Gender Neutral Title
Waitress,Waiter,Server
Actress,Actor,Performer
Stewardess,Steward,Flight Attendant
Hostess,Host,Host
Priestess,Priest,Clergy
Headmistress,Headmaster,Principal
Policewoman,Policeman,Police Officer
Firewoman,Fireman,Firefighter
Mailwoman,Mailman,Mail Carrier
Saleswoman,Salesman,Salesperson
Chairwoman,Chairman,Chairperson
Businesswoman,Businessman,Business Professional
Craftswoman,Craftsman,Artisan
Forewoman,Foreman,Supervisor
Doorwoman,Doorman,Door Attendant
Barmaid,Barman,Bartender
Handywoman,Handyman,Maintenance Worker
Stateswoman,Statesman,Statesperson
Weatherwoman,Weatherman,Meteorologist
Newsgirl,Newsboy,News Carrier
Landlady,Landlord,Property Owner
Seamstress,Tailor,Stitcher
Repairwoman,Repairman,Technician
Spokeswoman,Spokesman,Spokesperson
Camerawoman,Cameraman,Camera Operator
Anchorwoman,Anchorman,News Anchor
Congresswoman,Congressman,Congressperson
Assemblywoman,Assemblyman,Assemblyperson
Postwoman,Postman,Postperson
Draftswoman,Draftsman,Draftsperson
Tradeswoman,Tradesman,Tradesperson
Workwoman,Workman,Workperson
Servicewoman,Serviceman,Serviceperson
Deliverywoman,Deliveryman,Deliveryperson
Securitywoman,Securityman,Securityperson
Warehousewoman,Warehouseman,Warehouseperson
Crewwoman,Crewman,Crewperson
Groundswoman,Groundsman,Groundsperson
Linewoman,Lineman,Lineperson
Staffwoman,Staffman,Staffperson
Fieldwoman,Fieldman,Fieldperson
Casewoman,Caseman,Caseperson
Socialwoman,Socialman,Socialperson
Healthwoman,Healthman,Healthperson
Homewoman,Homeman,Homeperson
Housewoman,Houseman,Houseperson
Officewoman,Officeman,Officeperson
Bankwoman,Bankman,Bankperson
Lawwoman,Lawman,Lawperson
Legalwoman,Legalman,Legalperson
Adwoman,Adman,Adperson
PRwoman,PRman,PRperson
Mediawoman,Mediaman,Mediaperson
Presswoman,Pressman,Pressperson
Webwoman,Webman,Webperson
Techwoman,Techman,Techperson
ITwoman,ITman,ITperson
Datawoman,Dataman,Dataperson
Codewoman,Codeman,Codeperson
Buildwoman,Buildman,Buildperson
Fixwoman,Fixman,Fixperson
Cleanwoman,Cleanman,Cleanperson
Washwoman,Washman,Washperson
Cookwoman,Cookman,Cookperson
Foodwoman,Foodman,Foodperson
Waitwoman,Waitman,Waitperson
Barwoman,Barman,Barperson
Stockwoman,Stockman,Stockperson
Shopwoman,Shopman,Shopperson
Storewoman,Storeman,Storeperson
Floorwoman,Floorman,Floorperson
Buywoman,Buyman,Buyperson
Purchasewoman,Purchaseman,Purchaseperson
Logisticswoman,Logisticsman,Logisticsperson
Trainwoman,Trainman,Trainperson
Buswoman,Busman,Busperson
Cabwoman,Cabman,Cabperson
Taxiwoman,Taximan,Taxiperson
Shipwoman,Shipman,Shipperson
Boatwoman,Boatman,Boatperson
Planewoman,Planeman,Planeperson
Airwoman,Airman,Airperson
Seawoman,Seaman,Seaperson
Landwoman,Landman,Landperson
Earthwoman,Earthman,Earthperson
Farmwoman,Farmman,Farmperson
Gardenwoman,Gardenman,Gardenperson
Plantwoman,Plantman,Plantperson
Treewoman,Treeman,Treeperson
Woodwoman,Woodman,Woodperson
Metalwoman,Metalman,Metalperson
Ironwoman,Ironman,Ironperson
Steelwoman,Steelman,Steelperson
Minewoman,Mineman,Mineperson
Oilwoman,Oilman,Oilperson
Gaswoman,Gasman,Gasperson
Powerwoman,Powerman,Powerperson
Gridwoman,Gridman,Gridperson
Artwoman,Artman,Artperson
Musicwoman,Musicman,Musicperson
Dancewoman,Danceman,Danceperson
Stagewoman,Stageman,Stageperson
Setwoman,Setman,Setperson
Filmwoman,Filmman,Filmperson
TVwoman,TVman,TVperson
Radiowoman,Radioman,Radioperson
Bookwoman,Bookman,Bookperson
Printwoman,Printman,Printperson
Writewoman,Writeman,Writeperson
Speakwoman,Speakman,Speakperson
Teachwoman,Teachman,Teachperson
Schoolwoman,Schoolman,Schoolperson
Classwoman,Classman,Classperson
Studywoman,Studyman,Studyperson
Researchwoman,Researchman,Researchperson
Labwoman,Labman,Labperson
Medwoman,Medman,Medperson
Nursewoman,Nurseman,Nurseperson
Docwoman,Docman,Docperson
Vetwoman,Vetman,Vetperson
Petwoman,Petman,Petperson
Dogwoman,Dogman,Dogperson
Catwoman,Catman,Catperson
Animalwoman,Animalman,Animalperson
Zoowoman,Zooman,Zooperson
Parkwoman,Parkman,Parkperson
Forestwoman,Forestman,Forestperson
Wildwoman,Wildman,Wildperson
Naturewoman,Natureman,Natureperson
Greenwoman,Greenman,Greenperson
Solarwoman,Solarman,Solarperson
Windwoman,Windman,Windperson
Nuclearwoman,Nuclearman,Nuclearperson
Spacewoman,Spaceman,Spaceperson
Starwoman,Starman,Starperson
Skywoman,Skyman,Skyperson
Roadwoman,Roadman,Roadperson
Pathwoman,Pathman,Pathperson
Trailwoman,Trailman,Trailperson
Streetwoman,Streetman,Streetperson
Waywoman,Wayman,Wayperson
Gatewoman,Gateman,Gateperson
Roomwoman,Roomman,Roomperson
Hallwoman,Hallman,Hallperson
Yardwoman,Yardman,Yardperson
Lotwoman,Lotman,Lotperson
Baywoman,Bayman,Bayperson
Portwoman,Portman,Portperson
Sitewoman,Siteman,Siteperson
Basewoman,Baseman,Baseperson
Campwoman,Campman,Campperson
Stationwoman,Stationman,Stationperson
Maintenancewoman,Maintenanceman,Maintenanceperson
Technicalwoman,Technicalman,Technicalperson
Operationswoman,Operationsman,Operationsperson
Projectwoman,Projectman,Projectperson
Productwoman,Productman,Productperson
Qualitywoman,Qualityman,Qualityperson
Safetywoman,Safetyman,Safetyperson
Supportwoman,Supportman,Supportperson
Successwoman,Successman,Successperson
Growthwoman,Growthman,Growthperson
Marketingwoman,Marketingman,Marketingperson
Financewoman,Financeman,Financeperson
HRwoman,HRman,HRperson
Adminwoman,Adminman,Adminperson
Executivewoman,Executiveman,Executiveperson
Managementwoman,Managementman,Managementperson
Leadershipwoman,Leadershipman,Leadershipperson
Creativewoman,Creativeman,Creativeperson
Designwoman,Designman,Designperson
Contentwoman,Contentman,Contentperson
Editorialwoman,Editorialman,Editorialperson
Policywoman,Policyman,Policyperson
Scientificwoman,Scientificman,Scientificperson
Medicalwoman,Medicalman,Medicalperson
Engineeringwoman,Engineeringman,Engineeringperson
Softwarewoman,Softwareman,Softwareperson
Hardwarewoman,Hardwareman,Hardwareperson
Systemswoman,Systemsman,Systemsperson
Networkwoman,Networkman,Networkperson
Cloudwoman,Cloudman,Cloudperson
Cyberwoman,Cyberman,Cyberperson
Analyticswoman,Analyticsman,Analyticsperson
Intelligencewoman,Intelligenceman,Intelligenceperson
Digitalwoman,Digitalman,Digitalperson
Onlinewoman,Onlineman,Onlineperson
Communitywoman,Communityman,Communityperson
Partnerwoman,Partnerman,Partnerperson
Accountwoman,Accountman,Accountperson
Clientwoman,Clientman,Clientperson
Customerwoman,Customerman,Customerperson
Experiencewoman,Experienceman,Experienceperson
Eventwoman,Eventman,Eventperson
Travelwoman,Travelman,Travelperson
Hospitalitywoman,Hospitalityman,Hospitalityperson
Retailwoman,Retailman,Retailperson
Supplywoman,Supplyman,Supplyperson
Procurementwoman,Procurementman,Procurementperson
Inventorywoman,Inventoryman,Inventoryperson
Fleetwoman,Fleetman,Fleetperson
Distributionwoman,Distributionman,Distributionperson
Shippingwoman,Shippingman,Shippingperson
Freightwoman,Freightman,Freightperson
Courierwoman,Courierman,Courierperson
Passengerwoman,Passengerman,Passengerperson
Civilwoman,Civilman,Civilperson
Publicwoman,Publicman,Publicperson
Urbanwoman,Urbanman,Urbanperson
Regionalwoman,Regionalman,Regionalperson
Environmentalwoman,Environmentalman,Environmentalperson
Agriculturalwoman,Agriculturalman,Agriculturalperson
Industrialwoman,Industrialman,Industrialperson
Manufacturingwoman,Manufacturingman,Manufacturingperson
Productionwoman,Productionman,Productionperson
Fabwoman,Fabman,Fabperson
Utilitywoman,Utilityman,Utilityperson
Senior Saleswoman,Senior Salesman,Senior Salesperson
Senior Businesswoman,Senior Businessman,Senior Businessperson
Senior Chairwoman,Senior Chairman,Senior Chairperson
Senior Congresswoman,Senior Congressman,Senior Congressperson
Senior Assemblywoman,Senior Assemblyman,Senior Assemblyperson
Senior Policewoman,Senior Policeman,Senior Policeperson
Senior Firewoman,Senior Fireman,Senior Fireperson
Senior Mailwoman,Senior Mailman,Senior Mailperson
Senior Postwoman,Senior Postman,Senior Postperson
Senior Craftswoman,Senior Craftsman,Senior Craftsperson
Senior Draftswoman,Senior Draftsman,Senior Draftsperson
Senior Tradeswoman,Senior Tradesman,Senior Tradesperson
Senior Workwoman,Senior Workman,Senior Workperson
Senior Servicewoman,Senior Serviceman,Senior Serviceperson
Senior Deliverywoman,Senior Deliveryman,Senior Deliveryperson
Senior Securitywoman,Senior Securityman,Senior Securityperson
Senior Warehousewoman,Senior Warehouseman,Senior Warehouseperson
Senior Crewwoman,Senior Crewman,Senior Crewperson
Senior Groundswoman,Senior Groundsman,Senior Groundsperson
Senior Linewoman,Senior Lineman,Senior Lineperson
Senior Staffwoman,Senior Staffman,Senior Staffperson
Senior Fieldwoman,Senior Fieldman,Senior Fieldperson
Senior Casewoman,Senior Caseman,Senior Caseperson
Senior Socialwoman,Senior Socialman,Senior Socialperson
Senior Healthwoman,Senior Healthman,Senior Healthperson
Senior Homewoman,Senior Homeman,Senior Homeperson
Senior Housewoman,Senior Houseman,Senior Houseperson
Senior Officewoman,Senior Officeman,Senior Officeperson
Senior Bankwoman,Senior Bankman,Senior Bankperson
Senior Lawwoman,Senior Lawman,Senior Lawperson
Senior Legalwoman,Senior Legalman,Senior Legalperson
Senior Adwoman,Senior Adman,Senior Adperson
Senior PRwoman,Senior PRman,Senior PRperson
Senior Mediawoman,Senior Mediaman,Senior Mediaperson
Senior Presswoman,Senior Pressman,Senior Pressperson
Senior Webwoman,Senior Webman,Senior Webperson
Senior Techwoman,Senior Techman,Senior Techperson
Senior ITwoman,Senior ITman,Senior ITperson
Senior Datawoman,Senior Dataman,Senior Dataperson
Senior Codewoman,Senior Codeman,Senior Codeperson
Senior Buildwoman,Senior Buildman,Senior Buildperson
Senior Fixwoman,Senior Fixman,Senior Fixperson
Senior Cleanwoman,Senior Cleanman,Senior Cleanperson
Senior Washwoman,Senior Washman,Senior Washperson
Senior Cookwoman,Senior Cookman,Senior Cookperson
Senior Foodwoman,Senior Foodman,Senior Foodperson
Senior Waitwoman,Senior Waitman,Senior Waitperson
Senior Barwoman,Senior Barman,Senior Barperson
Senior Stockwoman,Senior Stockman,Senior Stockperson
Senior Shopwoman,Senior Shopman,Senior Shopperson
Senior Storewoman,Senior Storeman,Senior Storeperson
Senior Floorwoman,Senior Floorman,Senior Floorperson
Senior Buywoman,Senior Buyman,Senior Buyperson
Senior Purchasewoman,Senior Purchaseman,Senior Purchaseperson
Senior Logisticswoman,Senior Logisticsman,Senior Logisticsperson
Senior Trainwoman,Senior Trainman,Senior Trainperson
Senior Buswoman,Senior Busman,Senior Busperson
Senior Cabwoman,Senior Cabman,Senior Cabperson
Senior Taxiwoman,Senior Taximan,Senior Taxiperson
Senior Shipwoman,Senior Shipman,Senior Shipperson
Senior Boatwoman,Senior Boatman,Senior Boatperson
Senior Planewoman,Senior Planeman,Senior Planeperson
Senior Airwoman,Senior Airman,Senior Airperson
Senior Seawoman,Senior Seaman,Senior Seaperson
Senior Landwoman,Senior Landman,Senior Landperson
Senior Earthwoman,Senior Earthman,Senior Earthperson
Senior Farmwoman,Senior Farmman,Senior Farmperson
Senior Gardenwoman,Senior Gardenman,Senior Gardenperson
Senior Plantwoman,Senior Plantman,Senior Plantperson
Senior Treewoman,Senior Treeman,Senior Treeperson
Senior Woodwoman,Senior Woodman,Senior Woodperson
Senior Metalwoman,Senior Metalman,Senior Metalperson
Senior Ironwoman,Senior Ironman,Senior Ironperson
Senior Steelwoman,Senior Steelman,Senior Steelperson
Senior Minewoman,Senior Mineman,Senior Mineperson
Senior Oilwoman,Senior Oilman,Senior Oilperson
Senior Gaswoman,Senior Gasman,Senior Gasperson
Senior Powerwoman,Senior Powerman,Senior Powerperson
Senior Gridwoman,Senior Gridman,Senior Gridperson
Senior Artwoman,Senior Artman,Senior Artperson
Senior Musicwoman,Senior Musicman,Senior Musicperson
Senior Dancewoman,Senior Danceman,Senior Danceperson
Senior Stagewoman,Senior Stageman,Senior Stageperson
Senior Setwoman,Senior Setman,Senior Setperson
Senior Filmwoman,Senior Filmman,Senior Filmperson
Senior TVwoman,Senior TVman,Senior TVperson
Senior Radiowoman,Senior Radioman,Senior Radioperson
Senior Bookwoman,Senior Bookman,Senior Bookperson
Senior Printwoman,Senior Printman,Senior Printperson
Senior Writewoman,Senior Writeman,Senior Writeperson
Senior Speakwoman,Senior Speakman,Senior Speakperson
Senior Teachwoman,Senior Teachman,Senior Teachperson
Senior Schoolwoman,Senior Schoolman,Senior Schoolperson
Senior Classwoman,Senior Classman,Senior Classperson
Senior Studywoman,Senior Studyman,Senior Studyperson
Senior Researchwoman,Senior Researchman,Senior Researchperson
Senior Labwoman,Senior Labman,Senior Labperson
Senior Medwoman,Senior Medman,Senior Medperson
Senior Nursewoman,Senior Nurseman,Senior Nurseperson
Senior Docwoman,Senior Docman,Senior Docperson
Senior Vetwoman,Senior Vetman,Senior Vetperson
Senior Petwoman,Senior Petman,Senior Petperson
Senior Dogwoman,Senior Dogman,Senior Dogperson
Senior Catwoman,Senior Catman,Senior Catperson
Senior Animalwoman,Senior Animalman,Senior Animalperson
Senior Zoowoman,Senior Zooman,Senior Zooperson
Senior Parkwoman,Senior Parkman,Senior Parkperson
Senior Forestwoman,Senior Forestman,Senior Forestperson
Senior Wildwoman,Senior Wildman,Senior Wildperson
Senior Naturewoman,Senior Natureman,Senior Natureperson
Senior Greenwoman,Senior Greenman,Senior Greenperson
Senior Solarwoman,Senior Solarman,Senior Solarperson
Senior Windwoman,Senior Windman,Senior Windperson
Senior Nuclearwoman,Senior Nuclearman,Senior Nuclearperson
Senior Spacewoman,Senior Spaceman,Senior Spaceperson
Senior Starwoman,Senior Starman,Senior Starperson
Senior Skywoman,Senior Skyman,Senior Skyperson
Senior Roadwoman,Senior Roadman,Senior Roadperson
Senior Pathwoman,Senior Pathman,Senior Pathperson
Senior Trailwoman,Senior Trailman,Senior Trailperson
Senior Streetwoman,Senior Streetman,Senior Streetperson
Senior Waywoman,Senior Wayman,Senior Wayperson
Senior Gatewoman,Senior Gateman,Senior Gateperson
Senior Doorwoman,Senior Doorman,Senior Doorperson
Senior Roomwoman,Senior Roomman,Senior Roomperson
Senior Hallwoman,Senior Hallman,Senior Hallperson
Senior Yardwoman,Senior Yardman,Senior Yardperson
Senior Lotwoman,Senior Lotman,Senior Lotperson
Senior Baywoman,Senior Bayman,Senior Bayperson
Senior Portwoman,Senior Portman,Senior Portperson
Senior Sitewoman,Senior Siteman,Senior Siteperson
Senior Basewoman,Senior Baseman,Senior Baseperson
Senior Campwoman,Senior Campman,Senior Campperson
Senior Stationwoman,Senior Stationman,Senior Stationperson
Senior Repairwoman,Senior Repairman,Senior Repairperson
Senior Maintenancewoman,Senior Maintenanceman,Senior Maintenanceperson
Senior Technicalwoman,Senior Technicalman,Senior Technicalperson
Senior Operationswoman,Senior Operationsman,Senior Operationsperson
Senior Projectwoman,Senior Projectman,Senior Projectperson
Senior Productwoman,Senior Productman,Senior Productperson
Senior Qualitywoman,Senior Qualityman,Senior Qualityperson
Senior Safetywoman,Senior Safetyman,Senior Safetyperson
Senior Supportwoman,Senior Supportman,Senior Supportperson
Senior Successwoman,Senior Successman,Senior Successperson
Senior Growthwoman,Senior Growthman,Senior Growthperson
Senior Marketingwoman,Senior Marketingman,Senior Marketingperson
Senior Financewoman,Senior Financeman,Senior Financeperson
Senior HRwoman,Senior HRman,Senior HRperson
Senior Adminwoman,Senior Adminman,Senior Adminperson
Senior Executivewoman,Senior Executiveman,Senior Executiveperson
Senior Managementwoman,Senior Managementman,Senior Managementperson
Senior Leadershipwoman,Senior Leadershipman,Senior Leadershipperson
Senior Creativewoman,Senior Creativeman,Senior Creativeperson
Senior Designwoman,Senior Designman,Senior Designperson
Senior Contentwoman,Senior Contentman,Senior Contentperson
Senior Editorialwoman,Senior Editorialman,Senior Editorialperson
Senior Policywoman,Senior Policyman,Senior Policyperson
Senior Scientificwoman,Senior Scientificman,Senior Scientificperson
Senior Medicalwoman,Senior Medicalman,Senior Medicalperson
Senior Engineeringwoman,Senior Engineeringman,Senior Engineeringperson
Senior Softwarewoman,Senior Softwareman,Senior Softwareperson
Senior Hardwarewoman,Senior Hardwareman,Senior Hardwareperson
Senior Systemswoman,Senior Systemsman,Senior Systemsperson
Senior Networkwoman,Senior Networkman,Senior Networkperson
Senior Cloudwoman,Senior Cloudman,Senior Cloudperson
Senior Cyberwoman,Senior Cyberman,Senior Cyberperson
Senior Analyticswoman,Senior Analyticsman,Senior Analyticsperson
Senior Intelligencewoman,Senior Intelligenceman,Senior Intelligenceperson
Senior Digitalwoman,Senior Digitalman,Senior Digitalperson
Senior Onlinewoman,Senior Onlineman,Senior Onlineperson
Senior Communitywoman,Senior Communityman,Senior Communityperson
Senior Partnerwoman,Senior Partnerman,Senior Partnerperson
Senior Accountwoman,Senior Accountman,Senior Accountperson
Senior Clientwoman,Senior Clientman,Senior Clientperson
Senior Customerwoman,Senior Customerman,Senior Customerperson
Senior Experiencewoman,Senior Experienceman,Senior Experienceperson
Senior Eventwoman,Senior Eventman,Senior Eventperson
Senior Travelwoman,Senior Travelman,Senior Travelperson
Senior Hospitalitywoman,Senior Hospitalityman,Senior Hospitalityperson
Senior Retailwoman,Senior Retailman,Senior Retailperson
Senior Supplywoman,Senior Supplyman,Senior Supplyperson
Senior Procurementwoman,Senior Procurementman,Senior Procurementperson
Senior Inventorywoman,Senior Inventoryman,Senior Inventoryperson
Senior Fleetwoman,Senior Fleetman,Senior Fleetperson
Senior Distributionwoman,Senior Distributionman,Senior Distributionperson
Senior Shippingwoman,Senior Shippingman,Senior Shippingperson
Senior Freightwoman,Senior Freightman,Senior Freightperson
Senior Courierwoman,Senior Courierman,Senior Courierperson
Senior Passengerwoman,Senior Passengerman,Senior Passengerperson
Senior Civilwoman,Senior Civilman,Senior Civilperson
Senior Publicwoman,Senior Publicman,Senior Publicperson
Senior Urbanwoman,Senior Urbanman,Senior Urbanperson
Senior Regionalwoman,Senior Regionalman,Senior Regionalperson
Senior Environmentalwoman,Senior Environmentalman,Senior Environmentalperson
Senior Agriculturalwoman,Senior Agriculturalman,Senior Agriculturalperson
Senior Industrialwoman,Senior Industrialman,Senior Industrialperson
Senior Manufacturingwoman,Senior Manufacturingman,Senior Manufacturingperson
Senior Productionwoman,Senior Productionman,Senior Productionperson
Senior Fabwoman,Senior Fabman,Senior Fabperson
Senior Utilitywoman,Senior Utilityman,Senior Utilityperson
Junior Saleswoman,Junior Salesman,Junior Salesperson
Junior Businesswoman,Junior Businessman,Junior Businessperson
Junior Chairwoman,Junior Chairman,Junior Chairperson
Junior Congresswoman,Junior Congressman,Junior Congressperson
Junior Assemblywoman,Junior Assemblyman,Junior Assemblyperson
Junior Policewoman,Junior Policeman,Junior Policeperson
Junior Firewoman,Junior Fireman,Junior Fireperson
Junior Mailwoman,Junior Mailman,Junior Mailperson
Junior Postwoman,Junior Postman,Junior Postperson
Junior Craftswoman,Junior Craftsman,Junior Craftsperson
Junior Draftswoman,Junior Draftsman,Junior Draftsperson
Junior Tradeswoman,Junior Tradesman,Junior Tradesperson
Junior Workwoman,Junior Workman,Junior Workperson
Junior Servicewoman,Junior Serviceman,Junior Serviceperson
Junior Deliverywoman,Junior Deliveryman,Junior Deliveryperson
Junior Securitywoman,Junior Securityman,Junior Securityperson
Junior Warehousewoman,Junior Warehouseman,Junior Warehouseperson
Junior Crewwoman,Junior Crewman,Junior Crewperson
Junior Groundswoman,Junior Groundsman,Junior Groundsperson
Junior Linewoman,Junior Lineman,Junior Lineperson
Junior Staffwoman,Junior Staffman,Junior Staffperson
Junior Fieldwoman,Junior Fieldman,Junior Fieldperson
Junior Casewoman,Junior Caseman,Junior Caseperson
Junior Socialwoman,Junior Socialman,Junior Socialperson
Junior Healthwoman,Junior Healthman,Junior Healthperson
Junior Homewoman,Junior Homeman,Junior Homeperson
Junior Housewoman,Junior Houseman,Junior Houseperson
Junior Officewoman,Junior Officeman,Junior Officeperson
Junior Bankwoman,Junior Bankman,Junior Bankperson
Junior Lawwoman,Junior Lawman,Junior Lawperson
Junior Legalwoman,Junior Legalman,Junior Legalperson
Junior Adwoman,Junior Adman,Junior Adperson
Junior PRwoman,Junior PRman,Junior PRperson
Junior Mediawoman,Junior Mediaman,Junior Mediaperson
Junior Presswoman,Junior Pressman,Junior Pressperson
Junior Webwoman,Junior Webman,Junior Webperson
Junior Techwoman,Junior Techman,Junior Techperson
Junior ITwoman,Junior ITman,Junior ITperson
Junior Datawoman,Junior Dataman,Junior Dataperson
Junior Codewoman,Junior Codeman,Junior Codeperson
Junior Buildwoman,Junior Buildman,Junior Buildperson
Junior Fixwoman,Junior Fixman,Junior Fixperson
Junior Cleanwoman,Junior Cleanman,Junior Cleanperson
Junior Washwoman,Junior Washman,Junior Washperson
Junior Cookwoman,Junior Cookman,Junior Cookperson
Junior Foodwoman,Junior Foodman,Junior Foodperson
Junior Waitwoman,Junior Waitman,Junior Waitperson
Junior Barwoman,Junior Barman,Junior Barperson
Junior Stockwoman,Junior Stockman,Junior Stockperson
Junior Shopwoman,Junior Shopman,Junior Shopperson
Junior Storewoman,Junior Storeman,Junior Storeperson
Junior Floorwoman,Junior Floorman,Junior Floorperson
Junior Buywoman,Junior Buyman,Junior Buyperson
Junior Purchasewoman,Junior Purchaseman,Junior Purchaseperson
Junior Logisticswoman,Junior Logisticsman,Junior Logisticsperson
Junior Trainwoman,Junior Trainman,Junior Trainperson
Junior Buswoman,Junior Busman,Junior Busperson
Junior Cabwoman,Junior Cabman,Junior Cabperson
Junior Taxiwoman,Junior Taximan,Junior Taxiperson
Junior Shipwoman,Junior Shipman,Junior Shipperson
Junior Boatwoman,Junior Boatman,Junior Boatperson
Junior Planewoman,Junior Planeman,Junior Planeperson
Junior Airwoman,Junior Airman,Junior Airperson
Junior Seawoman,Junior Seaman,Junior Seaperson
Junior Landwoman,Junior Landman,Junior Landperson
Junior Earthwoman,Junior Earthman,Junior Earthperson
Junior Farmwoman,Junior Farmman,Junior Farmperson
Junior Gardenwoman,Junior Gardenman,Junior Gardenperson
Junior Plantwoman,Junior Plantman,Junior Plantperson
Junior Treewoman,Junior Treeman,Junior Treeperson
Junior Woodwoman,Junior Woodman,Junior Woodperson
Junior Metalwoman,Junior Metalman,Junior Metalperson
Junior Ironwoman,Junior Ironman,Junior Ironperson
Junior Steelwoman,Junior Steelman,Junior Steelperson
Junior Minewoman,Junior Mineman,Junior Mineperson
Junior Oilwoman,Junior Oilman,Junior Oilperson
Junior Gaswoman,Junior Gasman,Junior Gasperson
Junior Powerwoman,Junior Powerman,Junior Powerperson
Junior Gridwoman,Junior Gridman,Junior Gridperson
Junior Artwoman,Junior Artman,Junior Artperson
Junior Musicwoman,Junior Musicman,Junior Musicperson
Junior Dancewoman,Junior Danceman,Junior Danceperson
Junior Stagewoman,Junior Stageman,Junior Stageperson
Junior Setwoman,Junior Setman,Junior Setperson
Junior Filmwoman,Junior Filmman,Junior Filmperson
Junior TVwoman,Junior TVman,Junior TVperson
Junior Radiowoman,Junior Radioman,Junior Radioperson
Junior Bookwoman,Junior Bookman,Junior Bookperson
Junior Printwoman,Junior Printman,Junior Printperson
Junior Writewoman,Junior Writeman,Junior Writeperson
Junior Speakwoman,Junior Speakman,Junior Speakperson
Junior Teachwoman,Junior Teachman,Junior Teachperson
Junior Schoolwoman,Junior Schoolman,Junior Schoolperson
Junior Classwoman,Junior Classman,Junior Classperson
Junior Studywoman,Junior Studyman,Junior Studyperson
Junior Researchwoman,Junior Researchman,Junior Researchperson
Junior Labwoman,Junior Labman,Junior Labperson
Junior Medwoman,Junior Medman,Junior Medperson
Junior Nursewoman,Junior Nurseman,Junior Nurseperson
Junior Docwoman,Junior Docman,Junior Docperson
Junior Vetwoman,Junior Vetman,Junior Vetperson
Junior Petwoman,Junior Petman,Junior Petperson
Junior Dogwoman,Junior Dogman,Junior Dogperson
Junior Catwoman,Junior Catman,Junior Catperson
Junior Animalwoman,Junior Animalman,Junior Animalperson
Junior Zoowoman,Junior Zooman,Junior Zooperson
Junior Parkwoman,Junior Parkman,Junior Parkperson
Junior Forestwoman,Junior Forestman,Junior Forestperson
Junior Wildwoman,Junior Wildman,Junior Wildperson
Junior Naturewoman,Junior Natureman,Junior Natureperson
Junior Greenwoman,Junior Greenman,Junior Greenperson
Junior Solarwoman,Junior Solarman,Junior Solarperson
Junior Windwoman,Junior Windman,Junior Windperson
Junior Nuclearwoman,Junior Nuclearman,Junior Nuclearperson
Junior Spacewoman,Junior Spaceman,Junior Spaceperson
Junior Starwoman,Junior Starman,Junior Starperson
Junior Skywoman,Junior Skyman,Junior Skyperson
Junior Roadwoman,Junior Roadman,Junior Roadperson
Junior Pathwoman,Junior Pathman,Junior Pathperson
Junior Trailwoman,Junior Trailman,Junior Trailperson
Junior Streetwoman,Junior Streetman,Junior Streetperson
Junior Waywoman,Junior Wayman,Junior Wayperson
Junior Gatewoman,Junior Gateman,Junior Gateperson
Junior Doorwoman,Junior Doorman,Junior Doorperson
Junior Roomwoman,Junior Roomman,Junior Roomperson
Junior Hallwoman,Junior Hallman,Junior Hallperson
Junior Yardwoman,Junior Yardman,Junior Yardperson
Junior Lotwoman,Junior Lotman,Junior Lotperson
Junior Baywoman,Junior Bayman,Junior Bayperson
Junior Portwoman,Junior Portman,Junior Portperson
Junior Sitewoman,Junior Siteman,Junior Siteperson
Junior Basewoman,Junior Baseman,Junior Baseperson
Junior Campwoman,Junior Campman,Junior Campperson
Junior Stationwoman,Junior Stationman,Junior Stationperson
Junior Repairwoman,Junior Repairman,Junior Repairperson
Junior Maintenancewoman,Junior Maintenanceman,Junior Maintenanceperson
Junior Technicalwoman,Junior Technicalman,Junior Technicalperson
Junior Operationswoman,Junior Operationsman,Junior Operationsperson
Junior Projectwoman,Junior Projectman,Junior Projectperson
Junior Productwoman,Junior Productman,Junior Productperson
Junior Qualitywoman,Junior Qualityman,Junior Qualityperson
Junior Safetywoman,Junior Safetyman,Junior Safetyperson
Junior Supportwoman,Junior Supportman,Junior Supportperson
Junior Successwoman,Junior Successman,Junior Successperson
Junior Growthwoman,Junior Growthman,Junior Growthperson
Junior Marketingwoman,Junior Marketingman,Junior Marketingperson
Junior Financewoman,Junior Financeman,Junior Financeperson
Junior HRwoman,Junior HRman,Junior HRperson
Junior Adminwoman,Junior Adminman,Junior Adminperson
Junior Executivewoman,Junior Executiveman,Junior Executiveperson
Junior Managementwoman,Junior Managementman,Junior Managementperson
Junior Leadershipwoman,Junior Leadershipman,Junior Leadershipperson
Junior Creativewoman,Junior Creativeman,Junior Creativeperson
Junior Designwoman,Junior Designman,Junior Designperson
Junior Contentwoman,Junior Contentman,Junior Contentperson
Junior Editorialwoman,Junior Editorialman,Junior Editorialperson
Junior Policywoman,Junior Policyman,Junior Policyperson
Junior Scientificwoman,Junior Scientificman,Junior Scientificperson
Junior Medicalwoman,Junior Medicalman,Junior Medicalperson
Junior Engineeringwoman,Junior Engineeringman,Junior Engineeringperson
Junior Softwarewoman,Junior Softwareman,Junior Softwareperson
Junior Hardwarewoman,Junior Hardwareman,Junior Hardwareperson
Junior Systemswoman,Junior Systemsman,Junior Systemsperson
Junior Networkwoman,Junior Networkman,Junior Networkperson
Junior Cloudwoman,Junior Cloudman,Junior Cloudperson
Junior Cyberwoman,Junior Cyberman,Junior Cyberperson
Junior Analyticswoman,Junior Analyticsman,Junior Analyticsperson
Junior Intelligencewoman,Junior Intelligenceman,Junior Intelligenceperson
Junior Digitalwoman,Junior Digitalman,Junior Digitalperson
Junior Onlinewoman,Junior Onlineman,Junior Onlineperson
Junior Communitywoman,Junior Communityman,Junior Communityperson
Junior Partnerwoman,Junior Partnerman,Junior Partnerperson
Junior Accountwoman,Junior Accountman,Junior Accountperson
Junior Clientwoman,Junior Clientman,Junior Clientperson
Junior Customerwoman,Junior Customerman,Junior Customerperson
Junior Experiencewoman,Junior Experienceman,Junior Experienceperson
Junior Eventwoman,Junior Eventman,Junior Eventperson
Junior Travelwoman,Junior Travelman,Junior Travelperson
Junior Hospitalitywoman,Junior Hospitalityman,Junior Hospitalityperson
Junior Retailwoman,Junior Retailman,Junior Retailperson
Junior Supplywoman,Junior Supplyman,Junior Supplyperson
Junior Procurementwoman,Junior Procurementman,Junior Procurementperson
Junior Inventorywoman,Junior Inventoryman,Junior Inventoryperson
Junior Fleetwoman,Junior Fleetman,Junior Fleetperson
Junior Distributionwoman,Junior Distributionman,Junior Distributionperson
Junior Shippingwoman,Junior Shippingman,Junior Shippingperson
Junior Freightwoman,Junior Freightman,Junior Freightperson
Junior Courierwoman,Junior Courierman,Junior Courierperson
Junior Passengerwoman,Junior Passengerman,Junior Passengerperson
Junior Civilwoman,Junior Civilman,Junior Civilperson
Junior Publicwoman,Junior Publicman,Junior Publicperson
Junior Urbanwoman,Junior Urbanman,Junior Urbanperson
Junior Regionalwoman,Junior Regionalman,Junior Regionalperson
Junior Environmentalwoman,Junior Environmentalman,Junior Environmentalperson
Junior Agriculturalwoman,Junior Agriculturalman,Junior Agriculturalperson
Junior Industrialwoman,Junior Industrialman,Junior Industrialperson
Junior Manufacturingwoman,Junior Manufacturingman,Junior Manufacturingperson
Junior Productionwoman,Junior Productionman,Junior Productionperson
Junior Fabwoman,Junior Fabman,Junior Fabperson
Junior Utilitywoman,Junior Utilityman,Junior Utilityperson
Lead Saleswoman,Lead Salesman,Lead Salesperson
Lead Businesswoman,Lead Businessman,Lead Businessperson
Lead Chairwoman,Lead Chairman,Lead Chairperson
Lead Congresswoman,Lead Congressman,Lead Congressperson
Lead Assemblywoman,Lead Assemblyman,Lead Assemblyperson
Lead Policewoman,Lead Policeman,Lead Policeperson
Lead Firewoman,Lead Fireman,Lead Fireperson
Lead Mailwoman,Lead Mailman,Lead Mailperson
Lead Postwoman,Lead Postman,Lead Postperson
Lead Craftswoman,Lead Craftsman,Lead Craftsperson
Lead Draftswoman,Lead Draftsman,Lead Draftsperson
Lead Tradeswoman,Lead Tradesman,Lead Tradesperson
Lead Workwoman,Lead Workman,Lead Workperson
Lead Servicewoman,Lead Serviceman,Lead Serviceperson
Lead Deliverywoman,Lead Deliveryman,Lead Deliveryperson
Lead Securitywoman,Lead Securityman,Lead Securityperson
Lead Warehousewoman,Lead Warehouseman,Lead Warehouseperson
Lead Crewwoman,Lead Crewman,Lead Crewperson
Lead Groundswoman,Lead Groundsman,Lead Groundsperson
Lead Linewoman,Lead Lineman,Lead Lineperson
Lead Staffwoman,Lead Staffman,Lead Staffperson
Lead Fieldwoman,Lead Fieldman,Lead Fieldperson
Lead Casewoman,Lead Caseman,Lead Caseperson
Lead Socialwoman,Lead Socialman,Lead Socialperson
Lead Healthwoman,Lead Healthman,Lead Healthperson
Lead Homewoman,Lead Homeman,Lead Homeperson
Lead Housewoman,Lead Houseman,Lead Houseperson
Lead Officewoman,Lead Officeman,Lead Officeperson
Lead Bankwoman,Lead Bankman,Lead Bankperson
Lead Lawwoman,Lead Lawman,Lead Lawperson
Lead Legalwoman,Lead Legalman,Lead Legalperson
Lead Adwoman,Lead Adman,Lead Adperson
Lead PRwoman,Lead PRman,Lead PRperson
Lead Mediawoman,Lead Mediaman,Lead Mediaperson
Lead Presswoman,Lead Pressman,Lead Pressperson
Lead Webwoman,Lead Webman,Lead Webperson
Lead Techwoman,Lead Techman,Lead Techperson
Lead ITwoman,Lead ITman,Lead ITperson
Lead Datawoman,Lead Dataman,Lead Dataperson
Lead Codewoman,Lead Codeman,Lead Codeperson
Lead Buildwoman,Lead Buildman,Lead Buildperson
Lead Fixwoman,Lead Fixman,Lead Fixperson
Lead Cleanwoman,Lead Cleanman,Lead Cleanperson
Lead Washwoman,Lead Washman,Lead Washperson
Lead Cookwoman,Lead Cookman,Lead Cookperson
Lead Foodwoman,Lead Foodman,Lead Foodperson
Lead Waitwoman,Lead Waitman,Lead Waitperson
Lead Barwoman,Lead Barman,Lead Barperson
Lead Stockwoman,Lead Stockman,Lead Stockperson
Lead Shopwoman,Lead Shopman,Lead Shopperson
Lead Storewoman,Lead Storeman,Lead Storeperson
Lead Floorwoman,Lead Floorman,Lead Floorperson
Lead Buywoman,Lead Buyman,Lead Buyperson
Lead Purchasewoman,Lead Purchaseman,Lead Purchaseperson
Lead Logisticswoman,Lead Logisticsman,Lead Logisticsperson
Lead Trainwoman,Lead Trainman,Lead Trainperson
Lead Buswoman,Lead Busman,Lead Busperson
Lead Cabwoman,Lead Cabman,Lead Cabperson
Lead Taxiwoman,Lead Taximan,Lead Taxiperson
Lead Shipwoman,Lead Shipman,Lead Shipperson
Lead Boatwoman,Lead Boatman,Lead Boatperson
Lead Planewoman,Lead Planeman,Lead Planeperson
Lead Airwoman,Lead Airman,Lead Airperson
Lead Seawoman,Lead Seaman,Lead Seaperson
Lead Landwoman,Lead Landman,Lead Landperson
Lead Earthwoman,Lead Earthman,Lead Earthperson
Lead Farmwoman,Lead Farmman,Lead Farmperson
Lead Gardenwoman,Lead Gardenman,Lead Gardenperson
Lead Plantwoman,Lead Plantman,Lead Plantperson
Lead Treewoman,Lead Treeman,Lead Treeperson
Lead Woodwoman,Lead Woodman,Lead Woodperson
Lead Metalwoman,Lead Metalman,Lead Metalperson
Lead Ironwoman,Lead Ironman,Lead Ironperson
Lead Steelwoman,Lead Steelman,Lead Steelperson
Lead Minewoman,Lead Mineman,Lead Mineperson
Lead Oilwoman,Lead Oilman,Lead Oilperson
Lead Gaswoman,Lead Gasman,Lead Gasperson
Lead Powerwoman,Lead Powerman,Lead Powerperson
Lead Gridwoman,Lead Gridman,Lead Gridperson
Lead Artwoman,Lead Artman,Lead Artperson
Lead Musicwoman,Lead Musicman,Lead Musicperson
Lead Dancewoman,Lead Danceman,Lead Danceperson
Lead Stagewoman,Lead Stageman,Lead Stageperson
Lead Setwoman,Lead Setman,Lead Setperson
Lead Filmwoman,Lead Filmman,Lead Filmperson
Lead TVwoman,Lead TVman,Lead TVperson
Lead Radiowoman,Lead Radioman,Lead Radioperson
Lead Bookwoman,Lead Bookman,Lead Bookperson
Lead Printwoman,Lead Printman,Lead Printperson
Lead Writewoman,Lead Writeman,Lead Writeperson
Lead Speakwoman,Lead Speakman,Lead Speakperson
Lead Teachwoman,Lead Teachman,Lead Teachperson
Lead Schoolwoman,Lead Schoolman,Lead Schoolperson
Lead Classwoman,Lead Classman,Lead Classperson
Lead Studywoman,Lead Studyman,Lead Studyperson
Lead Researchwoman,Lead Researchman,Lead Researchperson
Lead Labwoman,Lead Labman,Lead Labperson
Lead Medwoman,Lead Medman,Lead Medperson
Lead Nursewoman,Lead Nurseman,Lead Nurseperson
Lead Docwoman,Lead Docman,Lead Docperson
Lead Vetwoman,Lead Vetman,Lead Vetperson
Lead Petwoman,Lead Petman,Lead Petperson
Lead Dogwoman,Lead Dogman,Lead Dogperson
Lead Catwoman,Lead Catman,Lead Catperson
Lead Animalwoman,Lead Animalman,Lead Animalperson
Lead Zoowoman,Lead Zooman,Lead Zooperson
Lead Parkwoman,Lead Parkman,Lead Parkperson
Lead Forestwoman,Lead Forestman,Lead Forestperson
Lead Wildwoman,Lead Wildman,Lead Wildperson
Lead Naturewoman,Lead Natureman,Lead Natureperson
Lead Greenwoman,Lead Greenman,Lead Greenperson
Lead Solarwoman,Lead Solarman,Lead Solarperson
Lead Windwoman,Lead Windman,Lead Windperson
Lead Nuclearwoman,Lead Nuclearman,Lead Nuclearperson
Lead Spacewoman,Lead Spaceman,Lead Spaceperson
Lead Starwoman,Lead Starman,Lead Starperson
Lead Skywoman,Lead Skyman,Lead Skyperson
Lead Roadwoman,Lead Roadman,Lead Roadperson
Lead Pathwoman,Lead Pathman,Lead Pathperson
Lead Trailwoman,Lead Trailman,Lead Trailperson
Lead Streetwoman,Lead Streetman,Lead Streetperson
Lead Waywoman,Lead Wayman,Lead Wayperson
Lead Gatewoman,Lead Gateman,Lead Gateperson
Lead Doorwoman,Lead Doorman,Lead Doorperson
Lead Roomwoman,Lead Roomman,Lead Roomperson
Lead Hallwoman,Lead Hallman,Lead Hallperson
Lead Yardwoman,Lead Yardman,Lead Yardperson
Lead Lotwoman,Lead Lotman,Lead Lotperson
Lead Baywoman,Lead Bayman,Lead Bayperson
Lead Portwoman,Lead Portman,Lead Portperson
Lead Sitewoman,Lead Siteman,Lead Siteperson
Lead Basewoman,Lead Baseman,Lead Baseperson
Lead Campwoman,Lead Campman,Lead Campperson
Lead Stationwoman,Lead Stationman,Lead Stationperson
Lead Repairwoman,Lead Repairman,Lead Repairperson
Lead Maintenancewoman,Lead Maintenanceman,Lead Maintenanceperson
Lead Technicalwoman,Lead Technicalman,Lead Technicalperson
Lead Operationswoman,Lead Operationsman,Lead Operationsperson
Lead Projectwoman,Lead Projectman,Lead Projectperson
Lead Productwoman,Lead Productman,Lead Productperson
Lead Qualitywoman,Lead Qualityman,Lead Qualityperson
Lead Safetywoman,Lead Safetyman,Lead Safetyperson
Lead Supportwoman,Lead Supportman,Lead Supportperson
Lead Successwoman,Lead Successman,Lead Successperson
Lead Growthwoman,Lead Growthman,Lead Growthperson
Lead Marketingwoman,Lead Marketingman,Lead Marketingperson
Lead Financewoman,Lead Financeman,Lead Financeperson
Lead HRwoman,Lead HRman,Lead HRperson
Lead Adminwoman,Lead Adminman,Lead Adminperson
Lead Executivewoman,Lead Executiveman,Lead Executiveperson
Lead Managementwoman,Lead Managementman,Lead Managementperson
Lead Leadershipwoman,Lead Leadershipman,Lead Leadershipperson
Lead Creativewoman,Lead Creativeman,Lead Creativeperson
Lead Designwoman,Lead Designman,Lead Designperson
Lead Contentwoman,Lead Contentman,Lead Contentperson
Lead Editorialwoman,Lead Editorialman,Lead Editorialperson
Lead Policywoman,Lead Policyman,Lead Policyperson
Lead Scientificwoman,Lead Scientificman,Lead Scientificperson
Lead Medicalwoman,Lead Medicalman,Lead Medicalperson
Lead Engineeringwoman,Lead Engineeringman,Lead Engineeringperson
Lead Softwarewoman,Lead Softwareman,Lead Softwareperson
Lead Hardwarewoman,Lead Hardwareman,Lead Hardwareperson
Lead Systemswoman,Lead Systemsman,Lead Systemsperson
Lead Networkwoman,Lead Networkman,Lead Networkperson
Lead Cloudwoman,Lead Cloudman,Lead Cloudperson
Lead Cyberwoman,Lead Cyberman,Lead Cyberperson
Lead Analyticswoman,Lead Analyticsman,Lead Analyticsperson
Lead Intelligencewoman,Lead Intelligenceman,Lead Intelligenceperson
Lead Digitalwoman,Lead Digitalman,Lead Digitalperson
Lead Onlinewoman,Lead Onlineman,Lead Onlineperson
Lead Communitywoman,Lead Communityman,Lead Communityperson
Lead Partnerwoman,Lead Partnerman,Lead Partnerperson
Lead Accountwoman,Lead Accountman,Lead Accountperson
Lead Clientwoman,Lead Clientman,Lead Clientperson
Lead Customerwoman,Lead Customerman,Lead Customerperson
Lead Experiencewoman,Lead Experienceman,Lead Experienceperson
Lead Eventwoman,Lead Eventman,Lead Eventperson
Lead Travelwoman,Lead Travelman,Lead Travelperson
Lead Hospitalitywoman,Lead Hospitalityman,Lead Hospitalityperson
Lead Retailwoman,Lead Retailman,Lead Retailperson
Lead Supplywoman,Lead Supplyman,Lead Supplyperson
Lead Procurementwoman,Lead Procurementman,Lead Procurementperson
Lead Inventorywoman,Lead Inventoryman,Lead Inventoryperson
Lead Fleetwoman,Lead Fleetman,Lead Fleetperson
Lead Distributionwoman,Lead Distributionman,Lead Distributionperson
Lead Shippingwoman,Lead Shippingman,Lead Shippingperson
Lead Freightwoman,Lead Freightman,Lead Freightperson
Lead Courierwoman,Lead Courierman,Lead Courierperson
Lead Passengerwoman,Lead Passengerman,Lead Passengerperson
Lead Civilwoman,Lead Civilman,Lead Civilperson
Lead Publicwoman,Lead Publicman,Lead Publicperson
Lead Urbanwoman,Lead Urbanman,Lead Urbanperson
Lead Regionalwoman,Lead Regionalman,Lead Regionalperson
Lead Environmentalwoman,Lead Environmentalman,Lead Environmentalperson
Lead Agriculturalwoman,Lead Agriculturalman,Lead Agriculturalperson
Lead Industrialwoman,Lead Industrialman,Lead Industrialperson
Lead Manufacturingwoman,Lead Manufacturingman,Lead Manufacturingperson
Lead Productionwoman,Lead Productionman,Lead Productionperson
Lead Fabwoman,Lead Fabman,Lead Fabperson
Lead Utilitywoman,Lead Utilityman,Lead Utilityperson
Chief Saleswoman,Chief Salesman,Chief Salesperson
Chief Businesswoman,Chief Businessman,Chief Businessperson
Chief Chairwoman,Chief Chairman,Chief Chairperson
Chief Congresswoman,Chief Congressman,Chief Congressperson
Chief Assemblywoman,Chief Assemblyman,Chief Assemblyperson
Chief Policewoman,Chief Policeman,Chief Policeperson
Chief Firewoman,Chief Fireman,Chief Fireperson
Chief Mailwoman,Chief Mailman,Chief Mailperson
Chief Postwoman,Chief Postman,Chief Postperson
Chief Craftswoman,Chief Craftsman,Chief Craftsperson
Chief Draftswoman,Chief Draftsman,Chief Draftsperson
Chief Tradeswoman,Chief Tradesman,Chief Tradesperson
Chief Workwoman,Chief Workman,Chief Workperson
Chief Servicewoman,Chief Serviceman,Chief Serviceperson
Chief Deliverywoman,Chief Deliveryman,Chief Deliveryperson
Chief Securitywoman,Chief Securityman,Chief Securityperson
Chief Warehousewoman,Chief Warehouseman,Chief Warehouseperson
Chief Crewwoman,Chief Crewman,Chief Crewperson
Chief Groundswoman,Chief Groundsman,Chief Groundsperson
Chief Linewoman,Chief Lineman,Chief Lineperson
Chief Staffwoman,Chief Staffman,Chief Staffperson
Chief Fieldwoman,Chief Fieldman,Chief Fieldperson
Chief Casewoman,Chief Caseman,Chief Caseperson
Chief Socialwoman,Chief Socialman,Chief Socialperson
Chief Healthwoman,Chief Healthman,Chief Healthperson
Chief Homewoman,Chief Homeman,Chief Homeperson
Chief Housewoman,Chief Houseman,Chief Houseperson
Chief Officewoman,Chief Officeman,Chief Officeperson
Chief Bankwoman,Chief Bankman,Chief Bankperson
Chief Lawwoman,Chief Lawman,Chief Lawperson
Chief Legalwoman,Chief Legalman,Chief Legalperson
Chief Adwoman,Chief Adman,Chief Adperson
Chief PRwoman,Chief PRman,Chief PRperson
Chief Mediawoman,Chief Mediaman,Chief Mediaperson
Chief Presswoman,Chief Pressman,Chief Pressperson
Chief Webwoman,Chief Webman,Chief Webperson
Chief Techwoman,Chief Techman,Chief Techperson
Chief ITwoman,Chief ITman,Chief ITperson
Chief Datawoman,Chief Dataman,Chief Dataperson
Chief Codewoman,Chief Codeman,Chief Codeperson
Chief Buildwoman,Chief Buildman,Chief Buildperson
Chief Fixwoman,Chief Fixman,Chief Fixperson
Chief Cleanwoman,Chief Cleanman,Chief Cleanperson
Chief Washwoman,Chief Washman,Chief Washperson
Chief Cookwoman,Chief Cookman,Chief Cookperson
Chief Foodwoman,Chief Foodman,Chief Foodperson
Chief Waitwoman,Chief Waitman,Chief Waitperson
Chief Barwoman,Chief Barman,Chief Barperson
Chief Stockwoman,Chief Stockman,Chief Stockperson
Chief Shopwoman,Chief Shopman,Chief Shopperson
Chief Storewoman,Chief Storeman,Chief Storeperson
Chief Floorwoman,Chief Floorman,Chief Floorperson
Chief Buywoman,Chief Buyman,Chief Buyperson
Chief Purchasewoman,Chief Purchaseman,Chief Purchaseperson
Chief Logisticswoman,Chief Logisticsman,Chief Logisticsperson
Chief Trainwoman,Chief Trainman,Chief Trainperson
Chief Buswoman,Chief Busman,Chief Busperson
Chief Cabwoman,Chief Cabman,Chief Cabperson
Chief Taxiwoman,Chief Taximan,Chief Taxiperson
Chief Shipwoman,Chief Shipman,Chief Shipperson
Chief Boatwoman,Chief Boatman,Chief Boatperson
Chief Planewoman,Chief Planeman,Chief Planeperson
Chief Airwoman,Chief Airman,Chief Airperson
Chief Seawoman,Chief Seaman,Chief Seaperson
Chief Landwoman,Chief Landman,Chief Landperson
Chief Earthwoman,Chief Earthman,Chief Earthperson
Chief Farmwoman,Chief Farmman,Chief Farmperson
Chief Gardenwoman,Chief Gardenman,Chief Gardenperson
Chief Plantwoman,Chief Plantman,Chief Plantperson
Chief Treewoman,Chief Treeman,Chief Treeperson
Chief Woodwoman,Chief Woodman,Chief Woodperson
Chief Metalwoman,Chief Metalman,Chief Metalperson
Chief Ironwoman,Chief Ironman,Chief Ironperson
Chief Steelwoman,Chief Steelman,Chief Steelperson
Chief Minewoman,Chief Mineman,Chief Mineperson
Chief Oilwoman,Chief Oilman,Chief Oilperson
Chief Gaswoman,Chief Gasman,Chief Gasperson
Chief Powerwoman,Chief Powerman,Chief Powerperson
Chief Gridwoman,Chief Gridman,Chief Gridperson
Chief Artwoman,Chief Artman,Chief Artperson
Chief Musicwoman,Chief Musicman,Chief Musicperson
Chief Dancewoman,Chief Danceman,Chief Danceperson
Chief Stagewoman,Chief Stageman,Chief Stageperson
Chief Setwoman,Chief Setman,Chief Setperson
Chief Filmwoman,Chief Filmman,Chief Filmperson
Chief TVwoman,Chief TVman,Chief TVperson
Chief Radiowoman,Chief Radioman,Chief Radioperson
Chief Bookwoman,Chief Bookman,Chief Bookperson
Chief Printwoman,Chief Printman,Chief Printperson
Chief Writewoman,Chief Writeman,Chief Writeperson
Chief Speakwoman,Chief Speakman,Chief Speakperson
Chief Teachwoman,Chief Teachman,Chief Teachperson
Chief Schoolwoman,Chief Schoolman,Chief Schoolperson
Chief Classwoman,Chief Classman,Chief Classperson
Chief Studywoman,Chief Studyman,Chief Studyperson
Chief Researchwoman,Chief Researchman,Chief Researchperson
Chief Labwoman,Chief Labman,Chief Labperson
Chief Medwoman,Chief Medman,Chief Medperson
Chief Nursewoman,Chief Nurseman,Chief Nurseperson
Chief Docwoman,Chief Docman,Chief Docperson
Chief Vetwoman,Chief Vetman,Chief Vetperson
Chief Petwoman,Chief Petman,Chief Petperson
Chief Dogwoman,Chief Dogman,Chief Dogperson
Chief Catwoman,Chief Catman,Chief Catperson
Chief Animalwoman,Chief Animalman,Chief Animalperson
Chief Zoowoman,Chief Zooman,Chief Zooperson
Chief Parkwoman,Chief Parkman,Chief Parkperson
Chief Forestwoman,Chief Forestman,Chief Forestperson
Chief Wildwoman,Chief Wildman,Chief Wildperson
Chief Naturewoman,Chief Natureman,Chief Natureperson
Chief Greenwoman,Chief Greenman,Chief Greenperson
Chief Solarwoman,Chief Solarman,Chief Solarperson
Chief Windwoman,Chief Windman,Chief Windperson
Chief Nuclearwoman,Chief Nuclearman,Chief Nuclearperson
Chief Spacewoman,Chief Spaceman,Chief Spaceperson
Chief Starwoman,Chief Starman,Chief Starperson
Chief Skywoman,Chief Skyman,Chief Skyperson
Chief Roadwoman,Chief Roadman,Chief Roadperson
Chief Pathwoman,Chief Pathman,Chief Pathperson
Chief Trailwoman,Chief Trailman,Chief Trailperson
Chief Streetwoman,Chief Streetman,Chief Streetperson
Chief Waywoman,Chief Wayman,Chief Wayperson
Chief Gatewoman,Chief Gateman,Chief Gateperson
Chief Doorwoman,Chief Doorman,Chief Doorperson
Chief Roomwoman,Chief Roomman,Chief Roomperson
Chief Hallwoman,Chief Hallman,Chief Hallperson
Chief Yardwoman,Chief Yardman,Chief Yardperson
Chief Lotwoman,Chief Lotman,Chief Lotperson
Chief Baywoman,Chief Bayman,Chief Bayperson
Chief Portwoman,Chief Portman,Chief Portperson
Chief Sitewoman,Chief Siteman,Chief Siteperson
Chief Basewoman,Chief Baseman,Chief Baseperson
Chief Campwoman,Chief Campman,Chief Campperson
Chief Stationwoman,Chief Stationman,Chief Stationperson
Chief Repairwoman,Chief Repairman,Chief Repairperson
Chief Maintenancewoman,Chief Maintenanceman,Chief Maintenanceperson
Chief Technicalwoman,Chief Technicalman,Chief Technicalperson
Chief Operationswoman,Chief Operationsman,Chief Operationsperson
Chief Projectwoman,Chief Projectman,Chief Projectperson
Chief Productwoman,Chief Productman,Chief Productperson
Chief Qualitywoman,Chief Qualityman,Chief Qualityperson
Chief Safetywoman,Chief Safetyman,Chief Safetyperson
Chief Supportwoman,Chief Supportman,Chief Supportperson
Chief Successwoman,Chief Successman,Chief Successperson
Chief Growthwoman,Chief Growthman,Chief Growthperson
Chief Marketingwoman,Chief Marketingman,Chief Marketingperson
Chief Financewoman,Chief Financeman,Chief Financeperson
Chief HRwoman,Chief HRman,Chief HRperson
Chief Adminwoman,Chief Adminman,Chief Adminperson
Chief Executivewoman,Chief Executiveman,Chief Executiveperson
Chief Managementwoman,Chief Managementman,Chief Managementperson
Chief Leadershipwoman,Chief Leadershipman,Chief Leadershipperson
Chief Creativewoman,Chief Creativeman,Chief Creativeperson
Chief Designwoman,Chief Designman,Chief Designperson
Chief Contentwoman,Chief Contentman,Chief Contentperson
Chief Editorialwoman,Chief Editorialman,Chief Editorialperson
Chief Policywoman,Chief Policyman,Chief Policyperson
Chief Scientificwoman,Chief Scientificman,Chief Scientificperson
Chief Medicalwoman,Chief Medicalman,Chief Medicalperson
Chief Engineeringwoman,Chief Engineeringman,Chief Engineeringperson
Chief Softwarewoman,Chief Softwareman,Chief Softwareperson
Chief Hardwarewoman,Chief Hardwareman,Chief Hardwareperson
Chief Systemswoman,Chief Systemsman,Chief Systemsperson
Chief Networkwoman,Chief Networkman,Chief Networkperson
Chief Cloudwoman,Chief Cloudman,Chief Cloudperson
Chief Cyberwoman,Chief Cyberman,Chief Cyberperson
Chief Analyticswoman,Chief Analyticsman,Chief Analyticsperson
Chief Intelligencewoman,Chief Intelligenceman,Chief Intelligenceperson
Chief Digitalwoman,Chief Digitalman,Chief Digitalperson
Chief Onlinewoman,Chief Onlineman,Chief Onlineperson
Chief Communitywoman,Chief Communityman,Chief Communityperson
Chief Partnerwoman,Chief Partnerman,Chief Partnerperson
Chief Accountwoman,Chief Accountman,Chief Accountperson
Chief Clientwoman,Chief Clientman,Chief Clientperson
Chief Customerwoman,Chief Customerman,Chief Customerperson
Chief Experiencewoman,Chief Experienceman,Chief Experienceperson
Chief Eventwoman,Chief Eventman,Chief Eventperson
Chief Travelwoman,Chief Travelman,Chief Travelperson
Chief Hospitalitywoman,Chief Hospitalityman,Chief Hospitalityperson
Chief Retailwoman,Chief Retailman,Chief Retailperson
Chief Supplywoman,Chief Supplyman,Chief Supplyperson
Chief Procurementwoman,Chief Procurementman,Chief Procurementperson
Chief Inventorywoman,Chief Inventoryman,Chief Inventoryperson
