,name
0,['Jason Jones']
1,['Ann Marshall']
2,['Patrick Mcclain']
3,['Patricia Gray']
4,['Amanda Gross']
5,['Jose Hall']
6,['Rachael Newman']
7,['Jessica Hall']
8,['Jonathan Powers']
9,['Zachary Ward']
10,['Christopher Woods']
11,['Kristina Patrick']
12,['Robert Holden']
13,['Nicholas Lee']
14,['Chelsea Newman']
15,['Mark Anderson']
16,['Joel Sosa']
17,['Charles Gonzales']
18,['Alejandra Delgado']
19,['Mario Edwards']
20,['Jessica Bullock']
21,['Shaun Hill']
22,['Brittany George']
23,['Andrew Robinson']
24,['Terri Woodard']
25,['Matthew Hardy']
26,['Peter Barron']
27,['Carol Smith']
28,['Janet Ortiz']
29,['Alexis Robles']
30,['Garrett Holt']
31,['Michelle Davenport']
32,['Deborah Underwood']
33,['Susan Edwards']
34,['Kathleen Santos']
35,['Kathleen Norris']
36,['Karen Smith']
37,['Sharon Fitzgerald']
38,['Micheal Harvey']
39,['Benjamin Pittman']
40,['Jeffrey Taylor']
41,['Bobby Curry']
42,['Amy Johnson']
43,['Carl Reyes']
44,['Jessica Krueger']
45,['John Walker']
46,['Brandy Ward']
47,['Peter Kelley']
48,['Jennifer Stewart']
49,['Amanda Daniels']
50,['Amber Anderson']
51,['Jeffrey May']
52,['Alexandria King']
53,['Karen Walsh']
54,['Annette Schneider']
55,['Spencer Bryant']
56,['Kimberly Cabrera']
57,['Monica Stanton']
58,['Charles Lopez']
59,['Stephanie Gilbert']
60,['Victoria Jones']
61,['Rachel McDonald']
62,['Kimberly Bennett']
63,['Debra Rivera']
64,['Dr. John Choi']
65,['Patricia Garcia']
66,['Brandy Keller']
67,['Jeremy Johnson']
68,['David Rivera']
69,['Kevin Barnes']
70,['Justin Roberts']
71,['Stephanie Hernandez']
72,['Robert Stone']
73,['Ann Bradley']
74,['Nicholas Robinson']
75,['David Moore']
76,['Nicole Brooks']
77,['Sean House']
78,['Kelly Bray']
79,['Dorothy Norman']
80,['Denise Guzman']
81,['Kelly Howe']
82,['Dr. Robert Rosales']
83,['Jason Clayton']
84,['Lisa Gill']
85,['David Blake']
86,['David Owens']
87,['Robert Wyatt']
88,['Melvin Thomas']
89,['Debra Brown']
90,['Robert Middleton']
91,['John Hancock']
92,['James Baldwin']
93,['Sarah Zimmerman']
94,['Catherine Morales']
95,['Alexander Nash']
96,['Tracy Martinez']
97,['Matthew Nguyen']
98,['Brianna Brown']
99,['Leah White']
100,['Carmen Miller']
101,['Daniel Taylor']
102,['Robert Campos']
103,['Paula Jacobson']
104,['Miranda Santos']
105,['Phillip Cox']
106,['James Lopez']
107,['Natalie Miller']
108,['Sherri Phillips']
109,['Joshua Villegas']
110,['Lisa Garcia']
111,['Margaret Carter']
112,['Karen Thompson']
113,['Catherine Chen']
114,['James Miller']
115,['Edward Watts']
116,['Lisa Robinson']
117,['Brian Hicks']
118,['Bryan Bennett']
119,['Caleb Porter']
120,['Kevin Walker']
121,['Larry Reed']
122,['Ethan Ortega']
123,['Jamie Perez']
124,['Leslie Stewart']
125,['Jeffrey Stephenson']
126,['David Miller']
127,['Tammy Hamilton']
128,['Joe Wells']
129,['Susan Ward']
130,['Ruben Lawrence']
131,['Samuel Harrison']
132,['Richard Barry']
133,['Anna Copeland']
134,['Alicia Lee']
135,['Lisa Barr']
136,['Nicholas Robertson']
137,['Krystal Smith']
138,['Raymond Hall']
139,['April Mcconnell']
140,['Aaron Bean']
141,['Katherine James']
142,['Tara Ward']
143,['Katie Johnson']
144,['Tracy George DVM']
145,['Elizabeth Jones']
146,['Kathy Robinson']
147,['Allison Thompson']
148,['Derek Forbes']
149,['Dale Hess']
150,['William Thompson']
151,['Billy Harrison']
152,['Jose Morrison']
153,['Kara Harvey']
154,['Sandra Smith']
155,['Sandra Melton']
156,['Adam Howell']
157,['Natalie Shepherd']
158,['Jerry Miller']
159,['Heather Smith']
160,['Stephanie Moore']
161,['Eileen Price']
162,['James Scott']
163,['Lauren Brown']
164,['Nicole Malone']
165,['Monique Hancock']
166,['Gregory Saunders']
167,['Kimberly Hughes']
168,['Steven Ross']
169,['William Morgan']
170,['Erin Stout']
171,['Michelle Navarro']
172,['Michael Bowman']
173,['Sharon Wu']
174,['Mark Martin']
175,['Patricia Wilson']
176,['Alfred Thornton']
177,['Rodney Newman']
178,['Nichole Baxter']
179,['Jacqueline Diaz']
180,['Daniel Ryan']
181,['Eric Daniels']
182,['Billy Harris']
183,['Jon Johnson']
184,['Elizabeth Jones']
185,['Travis Wagner']
186,['Gabrielle Walker']
187,['Lisa Rice']
188,['Allison Norris']
189,['Michelle Cole']
190,['Dawn Lynch']
191,['Justin Holder']
192,['Dillon Crawford']
193,['Mary Gill']
194,['Alec Cunningham']
195,['Scott Skinner']
196,['Tamara Wells']
197,['Natalie Mcneil']
198,['Matthew Simpson']
199,['Andrew Bowers']
200,['Amy Holt']
201,['Erica Dawson']
202,['Lisa Campbell']
203,['Kimberly Gonzalez MD']
204,['David Warren']
205,['Miguel Cox']
206,['Susan Stevenson']
207,['Sarah Morales']
208,['Jennifer Thomas']
209,['Sabrina Baker']
210,['Matthew Stewart']
211,['Kevin Moreno']
212,['Scott Mitchell']
213,['Charlene Hill']
214,['Richard Murray']
215,['Robert Stokes']
216,['Stephen Medina']
217,['Edward Cook']
218,['Kyle Duke']
219,['John Morgan']
220,['Brian Jackson']
221,['Samantha Thomas']
222,['Jennifer Baldwin']
223,['Ryan Adams']
224,['Becky Burns']
225,['Dana Walker']
226,['Randy Stewart']
227,['Darryl Davis']
228,['Anthony Mckenzie']
229,['Robert Foster']
230,['Sara Rodriguez']
231,['Travis Bryan']
232,['Jill Anderson']
233,['Amanda Miller']
234,['Andrew Robinson']
235,['John Rice']
236,['Sarah Ingram']
237,['Karen Wood']
238,['Tyler Campbell']
239,['Kenneth Roberson']
240,['Richard Williams']
241,['Ronald Burke']
242,['Anne Obrien']
243,['Jonathon Garcia']
244,['Stephen Gonzales']
245,['John Wilson']
246,['Hannah Castro']
247,['Brett King']
248,['Jessica Nicholson']
249,['Angela Vazquez']
250,['Nicole Gomez']
251,['Alexandra Johnson']
252,['Brian Schultz']
253,['Jennifer Gonzalez']
254,['Sheena Johnson']
255,['Gary Brennan']
256,['Benjamin Peterson V']
257,['Julian Mata']
258,['Wendy Williams']
259,['Sarah Morales']
260,['James Rodriguez']
261,['Ashley Sanders']
262,['Allison Robinson']
263,['Maria Stuart']
264,['Jeffrey Gray']
265,['Jeffrey Payne']
266,['Robert Austin']
267,['Paul Espinoza']
268,['Nicole Sanchez']
269,['Lisa Horton']
270,['Denise Powell']
271,['Micheal Daniel']
272,['Nichole Johnson']
273,['Michael Peterson']
274,['Catherine Norman']
275,['Charles Morris']
276,['Michelle Alvarez']
277,['Robert Jackson']
278,['Andrew Harper']
279,['Catherine Quinn']
280,['William Brown']
281,['Heather Ruiz']
282,['Cynthia Avila']
283,['Jennifer Hess']
284,['Zachary Brown']
285,['Jennifer Green']
286,['Mary Alexander']
287,['Laurie Freeman']
288,['Michael Cunningham Jr.']
289,['Jason Conway']
290,['Gary Cross']
291,['Alexander Rosales']
292,['Madison Glover']
293,['Joseph Miller']
294,['Matthew Simpson']
295,['Rebecca Douglas']
296,['Jacob Anderson']
297,['Emily Ballard']
298,['Riley Bradford']
299,['Christina Mejia']
300,['Tim Howell']
301,['Mrs. Jill Velazquez DDS']
302,['Ricardo Graham']
303,['Erica Wilson']
304,['Ryan Martinez']
305,['Steven Miller']
306,['Steve Davis']
307,['Michelle Johnson']
308,['Teresa Roberts']
309,['Thomas Mosley']
310,['Dennis Herman']
311,['Terri Scott']
312,['Dennis Duran']
313,['Michelle Allen']
314,['Kimberly Harris']
315,['Frank Rogers']
316,['Lauren Allen']
317,['Kevin Blair']
318,['Amy Weaver']
319,['Jennifer Wright']
320,['Lisa Hendricks']
321,['Denise Dudley']
322,['Jordan Adams']
323,['Donald Everett']
324,['Douglas Fisher']
325,['Adam Johnson']
326,['Brenda Young']
327,['David Wright']
328,['Aaron Anderson']
329,['Gerald Robinson']
330,['Jared Castillo']
331,['Kevin Costa']
332,['Robert Hardy']
333,['Alex Scott']
334,['Jessica Williams']
335,['Dorothy Craig']
336,['William Jones']
337,['Ronald Smith']
338,['Patrick Doyle']
339,['Robert Griffin']
340,['Erica Aguilar']
341,['Crystal Lewis']
342,['Heidi Page']
343,['Brianna Berry']
344,['David Jordan']
345,['Scott Bailey']
346,['David Martin']
347,['Jessica Carroll']
348,['Cynthia Morris']
349,['Sarah Evans']
350,['Robert Hughes']
351,['Jennifer Henson']
352,['Angela Flowers']
353,['Mallory Bauer']
354,['William Simpson']
355,['Mark Copeland']
356,['Brenda Benitez']
357,['Darren Schmitt']
358,['Theresa Anderson']
359,['Justin Lopez']
360,['Sarah Gordon']
361,['Stacy Chavez']
362,['Stephen Lucero']
363,['Edward Joyce']
364,['Corey Malone']
365,['John Phillips']
366,['Leslie Perez']
367,['Charles Costa']
368,['Courtney Guzman']
369,['Jessica Berger']
370,['Lori Weaver']
371,['Leslie Barton']
372,['Michael Williams']
373,['Michael Parker']
374,['Caleb Martinez']
375,['Danielle Valdez']
376,['Jackie Barker']
377,['Steven Harris']
378,['Heidi Cabrera']
379,['Angela Le']
380,['John Wagner']
381,['Alexander Thomas']
382,['Jodi Singh']
383,['Brittney Green']
384,['Julie Watkins']
385,['James Harrell']
386,['Rachel Harper']
387,['Stephanie Miller']
388,['Ryan Morgan']
389,['Mariah Torres']
390,['Marcus Roach']
391,['Cathy Beck']
392,['Michele Copeland']
393,['Sarah Keller']
394,['Robert Davis']
395,['David Humphrey']
396,['Karen Mora']
397,['Brandon Odonnell']
398,['Kevin Gordon']
399,['Beth Leon']
400,['Justin Browning']
401,['Megan Miller']
402,['Mark Villarreal']
403,['Christopher Pruitt']
404,['Rebecca Mason']
405,['Donald Chen']
406,['Jessica Carr']
407,['Rodney Stewart']
408,['Kimberly Norris']
409,['Jocelyn Benton']
410,['Danielle Myers DVM']
411,['Karen Hernandez']
412,['Lisa Ortega']
413,['Theresa Brooks']
414,['Samantha Romero']
415,['Timothy Patton']
416,['Crystal Logan']
417,['Natalie Snyder']
418,['Charles Lucas']
419,['Joseph Smith']
420,['Stacy Bates']
421,['Johnny Baker']
422,['Brenda Garcia']
423,['Amanda Carrillo']
424,['Samantha Davis']
425,['Stephanie Williams']
426,['Julie Floyd']
427,['Chelsea Diaz']
428,['Linda May']
429,['Rachel Robles']
430,['Zachary Davidson']
431,['Karina Ortiz']
432,['Austin Owen']
433,['Sheila Williams']
434,['Sarah Bell']
435,['Jamie Wheeler']
436,['Phillip Phillips']
437,['Steven Christensen']
438,['Brooke Allen']
439,['Ricky Benson']
440,['Nancy Baker']
441,['Paul Barber']
442,['Lance Farley']
443,['Jonathan Ferguson']
444,['Mary Thompson']
445,['Angela Stephenson']
446,['Brian Bean DDS']
447,['Karen Figueroa']
448,['David Sanders']
449,['Courtney Allen']
450,['Mark Buck']
451,['Scott Howard']
452,['Brandi Harvey']
453,['Veronica Phillips']
454,['Drew Conrad']
455,['Amanda Garcia']
456,['Megan Johnson']
457,['Victoria Ball']
458,['Jonathan White']
459,['Denise Moss']
460,['Hannah Thompson']
461,['James Mills']
462,['Joshua Smith']
463,['Susan Villarreal MD']
464,['Christina Davis']
465,['Jessica Carter']
466,['Gregory Larson']
467,['Juan Cummings']
468,['Andrew Jones']
469,['Edward Bernard']
470,['Sarah Ramsey']
471,['Tonya Davis']
472,['Jason Fox']
473,['Michael Nelson']
474,['Maria Ellis']
475,['Stacy Lopez']
476,['Andrew Johnson']
477,['Katrina Wallace']
478,['Daniel Rivera']
479,['Russell Wilson']
480,['Jeffrey Martinez']
481,['Keith Johnson']
482,['Jared Smith']
483,['Mark Young']
484,['Frank Randall']
485,['Steven Petersen']
486,['Paula Taylor']
487,['Ashley Velasquez']
488,['Phillip Serrano']
489,['Danielle Jones']
490,['Tonya Garcia']
491,['Heather Trujillo']
492,['Michelle Cisneros']
493,['John Jackson']
494,['Amy Richard']
495,['Barbara Brooks']
496,['Lindsey Faulkner']
497,['Jason Powell']
498,['Claudia Freeman']
499,['Angela Riddle']
